Drug A,Drug B,Cell Line Name,Score
Dasatinib,Sorafenib,A2058,12.966325580978296
Dasatinib,Sorafenib,A2780,11.7225687296843
Dasatinib,Sorafenib,A375,11.316750179392892
Dasatinib,Sorafenib,A427,10.013204486477417
Dasatinib,Sorafenib,CAOV3,7.656482330373112
Dasatinib,Sorafenib,HCT116,4.40921359309415
Dasatinib,Sorafenib,HT144,-2.8325461302865187
Dasatinib,Sorafenib,HT29,9.206200380526292
Dasatinib,Sorafenib,LOVO,2.1747311895065486
Dasatinib,Sorafenib,MDAMB436,-2.60072537807549
Dasatinib,Sorafenib,NCI-H460,2.745769909533195
Dasatinib,Sorafenib,NCIH1650,5.42147270471237
Dasatinib,Sorafenib,NCIH2122,-11.9154244975033
Dasatinib,Sorafenib,NCIH23,8.243548509216069
Dasatinib,Sorafenib,NCIH520,10.16232173056559
Dasatinib,Sorafenib,OCUBM,4.85634828411675
Dasatinib,Sorafenib,OV90,8.678125432705007
Dasatinib,Sorafenib,OVCAR3,0.7345204104922589
Dasatinib,Sorafenib,PA1,4.62415639298937
Dasatinib,Sorafenib,RKO,4.179707781567577
Dasatinib,Sorafenib,RPMI7951,-2.260381023139061
Dasatinib,Sorafenib,SK-OV-3,4.755697845162629
Dasatinib,Sorafenib,SKMEL30,-15.1006814359747
Dasatinib,Sorafenib,SKMES1,-5.8684323426223
Dasatinib,Sorafenib,SW-620,11.923948375295712
Dasatinib,Sorafenib,SW837,-0.5663484394051013
Dasatinib,Sorafenib,T-47D,5.893700156574014
Dasatinib,Sorafenib,UACC62,2.3065604778561424
Dasatinib,Sorafenib,UWB1289,6.01696699102072
Dasatinib,Sorafenib,VCAP,6.720388221210122
Dasatinib,geldanamycin,A2058,-8.692928400841772
Dasatinib,geldanamycin,A2780,-3.15562863494722
Dasatinib,geldanamycin,A375,10.3189652047012
Dasatinib,geldanamycin,A427,1.6740112862957208
Dasatinib,geldanamycin,CAOV3,-5.39913759737588
Dasatinib,geldanamycin,HCT116,-20.9676231329802
Dasatinib,geldanamycin,HT144,-37.9495035857927
Dasatinib,geldanamycin,HT29,5.02066543392875
Dasatinib,geldanamycin,LOVO,2.35164464781062
Dasatinib,geldanamycin,MDAMB436,0.5403453062071405
Dasatinib,geldanamycin,NCI-H460,-15.0412339008878
Dasatinib,geldanamycin,NCIH1650,9.62907409316032
Dasatinib,geldanamycin,NCIH2122,-25.4508968849616
Dasatinib,geldanamycin,NCIH23,-0.6435038581465955
Dasatinib,geldanamycin,NCIH520,-3.7008288999313423
Dasatinib,geldanamycin,OCUBM,6.55729051148795
Dasatinib,geldanamycin,OV90,2.24572304437811
Dasatinib,geldanamycin,OVCAR3,0.5211206139658471
Dasatinib,geldanamycin,PA1,2.667044757168528
Dasatinib,geldanamycin,RKO,-2.8447496930443927
Dasatinib,geldanamycin,RPMI7951,-0.3887710448227697
Dasatinib,geldanamycin,SK-OV-3,3.181253849239128
Dasatinib,geldanamycin,SKMEL30,-22.9515728231767
Dasatinib,geldanamycin,SKMES1,6.86106163750481
Dasatinib,geldanamycin,SW-620,-3.09775596823669
Dasatinib,geldanamycin,SW837,8.681027307740193
Dasatinib,geldanamycin,T-47D,-1.0190872666435924
Dasatinib,geldanamycin,UACC62,-6.47138721063866
Dasatinib,geldanamycin,UWB1289,-5.94174589421185
Dasatinib,geldanamycin,VCAP,-0.8981307679622897
Erlotinib,Dasatinib,A2058,8.658679095048068
Erlotinib,Dasatinib,A2780,9.30630078585379
Erlotinib,Dasatinib,A375,0.5394390329931549
Erlotinib,Dasatinib,A427,16.899113604615202
Erlotinib,Dasatinib,CAOV3,9.503977484174175
Erlotinib,Dasatinib,HCT116,-5.77665564868809
Erlotinib,Dasatinib,HT144,-16.8307740899425
Erlotinib,Dasatinib,HT29,9.2088386022025
Erlotinib,Dasatinib,LOVO,7.827394642815597
Erlotinib,Dasatinib,MDAMB436,3.59745169898486
Erlotinib,Dasatinib,NCI-H460,-0.4503474699443348
Erlotinib,Dasatinib,NCIH1650,11.2728180991378
Erlotinib,Dasatinib,NCIH2122,-21.5871320482388
Erlotinib,Dasatinib,NCIH23,6.99756701325662
Erlotinib,Dasatinib,NCIH520,4.92186081619874
Erlotinib,Dasatinib,OCUBM,1.7387039934851498
Erlotinib,Dasatinib,OV90,6.075310726130807
Erlotinib,Dasatinib,OVCAR3,13.9692836454661
Erlotinib,Dasatinib,PA1,6.488490212037078
Erlotinib,Dasatinib,RKO,1.30779520720034
Erlotinib,Dasatinib,RPMI7951,2.85060083445348
Erlotinib,Dasatinib,SK-OV-3,8.16191414696451
Erlotinib,Dasatinib,SKMEL30,-12.281506448986304
Erlotinib,Dasatinib,SKMES1,11.10272802991041
Erlotinib,Dasatinib,SW-620,11.579228393987275
Erlotinib,Dasatinib,SW837,12.283123760680592
Erlotinib,Dasatinib,T-47D,2.726862934921635
Erlotinib,Dasatinib,UACC62,7.877641553655238
Erlotinib,Dasatinib,UWB1289,12.5580583918003
Erlotinib,Dasatinib,VCAP,4.020569536845237
Erlotinib,Sorafenib,A2058,-2.25262466719878
Erlotinib,Sorafenib,A2780,5.31082796058257
Erlotinib,Sorafenib,A375,3.7921116228684086
Erlotinib,Sorafenib,A427,3.682989905065457
Erlotinib,Sorafenib,CAOV3,6.1026124307435
Erlotinib,Sorafenib,HCT116,-3.41466344580097
Erlotinib,Sorafenib,HT144,-0.6089836493556324
Erlotinib,Sorafenib,HT29,0.1692077246922899
Erlotinib,Sorafenib,LOVO,-4.0896099478500325
Erlotinib,Sorafenib,MDAMB436,-4.144685584269085
Erlotinib,Sorafenib,NCI-H460,1.51502173443586
Erlotinib,Sorafenib,NCIH1650,14.3436638764016
Erlotinib,Sorafenib,NCIH2122,-7.815562497274902
Erlotinib,Sorafenib,NCIH23,-1.93656353174353
Erlotinib,Sorafenib,NCIH520,6.72046542688671
Erlotinib,Sorafenib,OCUBM,2.391980620215489
Erlotinib,Sorafenib,OV90,1.1941842843275
Erlotinib,Sorafenib,OVCAR3,-6.066411004621831
Erlotinib,Sorafenib,PA1,-0.7762273913233743
Erlotinib,Sorafenib,RKO,2.099307195887115
Erlotinib,Sorafenib,RPMI7951,-10.626155896203898
Erlotinib,Sorafenib,SK-OV-3,3.557691046156
Erlotinib,Sorafenib,SKMEL30,0.7364260970712593
Erlotinib,Sorafenib,SKMES1,-4.75101729862813
Erlotinib,Sorafenib,SW-620,3.986867952152618
Erlotinib,Sorafenib,SW837,-3.01321716593974
Erlotinib,Sorafenib,T-47D,1.055995951979529
Erlotinib,Sorafenib,UACC62,2.679404112105611
Erlotinib,Sorafenib,UWB1289,8.474782023793379
Erlotinib,Sorafenib,VCAP,7.190050317883171
Erlotinib,geldanamycin,A2058,4.398742241377427
Erlotinib,geldanamycin,A2780,3.3452637215970498
Erlotinib,geldanamycin,A375,9.328533024448705
Erlotinib,geldanamycin,A427,0.7652624054000594
Erlotinib,geldanamycin,CAOV3,3.320229681965675
Erlotinib,geldanamycin,HCT116,7.06923762363823
Erlotinib,geldanamycin,HT144,5.26551760771767
Erlotinib,geldanamycin,HT29,0.7942566624333496
Erlotinib,geldanamycin,LOVO,-3.72583443525641
Erlotinib,geldanamycin,MDAMB436,3.776985072333982
Erlotinib,geldanamycin,NCI-H460,4.49418879319923
Erlotinib,geldanamycin,NCIH1650,7.206977941743588
Erlotinib,geldanamycin,NCIH2122,3.08443697315444
Erlotinib,geldanamycin,NCIH23,-1.5082203021212124
Erlotinib,geldanamycin,NCIH520,1.845960760756301
Erlotinib,geldanamycin,OCUBM,0.3065104335081801
Erlotinib,geldanamycin,OV90,0.4423212163888063
Erlotinib,geldanamycin,OVCAR3,-1.03656181464744
Erlotinib,geldanamycin,PA1,1.4803529144374856
Erlotinib,geldanamycin,RKO,-5.36204355968609
Erlotinib,geldanamycin,RPMI7951,-2.54688332955635
Erlotinib,geldanamycin,SK-OV-3,2.77922195660905
Erlotinib,geldanamycin,SKMEL30,4.07090957771029
Erlotinib,geldanamycin,SKMES1,6.02246857213521
Erlotinib,geldanamycin,SW-620,-3.8590388668775
Erlotinib,geldanamycin,SW837,3.00680128293027
Erlotinib,geldanamycin,T-47D,4.065326821312747
Erlotinib,geldanamycin,UACC62,4.5031585012656095
Erlotinib,geldanamycin,UWB1289,-3.9331393974605526
Erlotinib,geldanamycin,VCAP,-2.88087637063392
Lapatinib,Dasatinib,A2058,14.9823899147147
Lapatinib,Dasatinib,A2780,22.7414116448382
Lapatinib,Dasatinib,A375,-15.991582533821994
Lapatinib,Dasatinib,A427,10.116767222520318
Lapatinib,Dasatinib,CAOV3,10.468583156479704
Lapatinib,Dasatinib,HCT116,-13.812973987503693
Lapatinib,Dasatinib,HT144,-9.28527551691871
Lapatinib,Dasatinib,HT29,11.19992297656359
Lapatinib,Dasatinib,LOVO,8.833837192566008
Lapatinib,Dasatinib,MDAMB436,3.11049964318654
Lapatinib,Dasatinib,NCI-H460,-2.6053130644292946
Lapatinib,Dasatinib,NCIH1650,8.596988309863011
Lapatinib,Dasatinib,NCIH2122,-17.190033530139498
Lapatinib,Dasatinib,NCIH23,3.887422638441485
Lapatinib,Dasatinib,NCIH520,3.78247800369874
Lapatinib,Dasatinib,OCUBM,17.709922444879297
Lapatinib,Dasatinib,OV90,3.719171936095444
Lapatinib,Dasatinib,OVCAR3,1.292753014965791
Lapatinib,Dasatinib,PA1,8.933703319425492
Lapatinib,Dasatinib,RKO,2.461922216333884
Lapatinib,Dasatinib,RPMI7951,-3.724573545179619
Lapatinib,Dasatinib,SK-OV-3,4.097668935846943
Lapatinib,Dasatinib,SKMEL30,-6.40442742836347
Lapatinib,Dasatinib,SKMES1,12.566471603210276
Lapatinib,Dasatinib,SW-620,-0.003939288658445
Lapatinib,Dasatinib,SW837,20.7191486697607
Lapatinib,Dasatinib,T-47D,7.06032809637297
Lapatinib,Dasatinib,UACC62,3.8009101564042025
Lapatinib,Dasatinib,UWB1289,7.42840635595139
Lapatinib,Dasatinib,VCAP,4.509456424718162
Lapatinib,Erlotinib,A2058,4.128157012788561
Lapatinib,Erlotinib,A2780,7.809600001042748
Lapatinib,Erlotinib,A375,-9.231606713935047
Lapatinib,Erlotinib,A427,2.8513084033656
Lapatinib,Erlotinib,CAOV3,4.54734483862441
Lapatinib,Erlotinib,HCT116,-5.139364658294922
Lapatinib,Erlotinib,HT144,-2.6304973605131474
Lapatinib,Erlotinib,HT29,1.5275640312561216
Lapatinib,Erlotinib,LOVO,-1.2036514942358316
Lapatinib,Erlotinib,MDAMB436,-4.786538605318405
Lapatinib,Erlotinib,NCI-H460,-1.6552655274048038
Lapatinib,Erlotinib,NCIH1650,2.63206586722876
Lapatinib,Erlotinib,NCIH2122,3.42106467876526
Lapatinib,Erlotinib,NCIH23,-2.56542276271332
Lapatinib,Erlotinib,NCIH520,7.87379173269718
Lapatinib,Erlotinib,OCUBM,3.4484762474106
Lapatinib,Erlotinib,OV90,7.588764503474316
Lapatinib,Erlotinib,OVCAR3,-1.7237618714553775
Lapatinib,Erlotinib,PA1,10.898098675545494
Lapatinib,Erlotinib,RKO,-6.32558602127377
Lapatinib,Erlotinib,RPMI7951,-0.4271227388875901
Lapatinib,Erlotinib,SK-OV-3,4.97603191479674
Lapatinib,Erlotinib,SKMEL30,-3.31847606547329
Lapatinib,Erlotinib,SKMES1,3.028467183462371
Lapatinib,Erlotinib,SW-620,-10.586292641023492
Lapatinib,Erlotinib,SW837,1.741670982094262
Lapatinib,Erlotinib,T-47D,0.90894434552881
Lapatinib,Erlotinib,UACC62,4.867927463076468
Lapatinib,Erlotinib,UWB1289,5.162821279449693
Lapatinib,Erlotinib,VCAP,1.026942322157092
Lapatinib,Sorafenib,A2058,9.400493271217616
Lapatinib,Sorafenib,A2780,2.11900133622217
Lapatinib,Sorafenib,A375,5.029017096161708
Lapatinib,Sorafenib,A427,4.96190002222477
Lapatinib,Sorafenib,CAOV3,8.13893448615947
Lapatinib,Sorafenib,HCT116,2.4866177573815964
Lapatinib,Sorafenib,HT144,6.093529951556334
Lapatinib,Sorafenib,HT29,-3.0332808194811403
Lapatinib,Sorafenib,LOVO,-4.92782811871599
Lapatinib,Sorafenib,MDAMB436,-8.393586343504198
Lapatinib,Sorafenib,NCI-H460,1.41805545618482
Lapatinib,Sorafenib,NCIH1650,8.829561804598438
Lapatinib,Sorafenib,NCIH2122,-3.2142130797467816
Lapatinib,Sorafenib,NCIH23,-1.6422791314174887
Lapatinib,Sorafenib,NCIH520,7.10938257895085
Lapatinib,Sorafenib,OCUBM,7.5482379424635875
Lapatinib,Sorafenib,OV90,6.457932781589695
Lapatinib,Sorafenib,OVCAR3,-3.12013961477547
Lapatinib,Sorafenib,PA1,2.4659746492236927
Lapatinib,Sorafenib,RKO,2.76740193393285
Lapatinib,Sorafenib,RPMI7951,-2.204579993178592
Lapatinib,Sorafenib,SK-OV-3,13.9953943577381
Lapatinib,Sorafenib,SKMEL30,3.9797293996962297
Lapatinib,Sorafenib,SKMES1,-2.4599041427842496
Lapatinib,Sorafenib,SW-620,0.3837795244341289
Lapatinib,Sorafenib,SW837,3.42951329804928
Lapatinib,Sorafenib,T-47D,10.982614675109394
Lapatinib,Sorafenib,UACC62,8.88265541550952
Lapatinib,Sorafenib,UWB1289,3.88109013796494
Lapatinib,Sorafenib,VCAP,7.92708077877978
Lapatinib,geldanamycin,A2058,-1.178255647098801
Lapatinib,geldanamycin,A2780,-4.81834176383161
Lapatinib,geldanamycin,A375,-6.135426654744688
Lapatinib,geldanamycin,A427,0.8086942897832163
Lapatinib,geldanamycin,CAOV3,8.45389840526827
Lapatinib,geldanamycin,HCT116,-4.739766082030863
Lapatinib,geldanamycin,HT144,5.79128728304933
Lapatinib,geldanamycin,HT29,0.8105828534072201
Lapatinib,geldanamycin,LOVO,-1.857666460494741
Lapatinib,geldanamycin,MDAMB436,4.4105627388370605
Lapatinib,geldanamycin,NCI-H460,5.391699208755202
Lapatinib,geldanamycin,NCIH1650,5.72263802046558
Lapatinib,geldanamycin,NCIH2122,4.30511943579503
Lapatinib,geldanamycin,NCIH23,-5.97419023328963
Lapatinib,geldanamycin,NCIH520,0.86771933446589
Lapatinib,geldanamycin,OCUBM,-1.7663441991754285
Lapatinib,geldanamycin,OV90,2.578081311550471
Lapatinib,geldanamycin,OVCAR3,4.967381413305823
Lapatinib,geldanamycin,PA1,4.304204520484877
Lapatinib,geldanamycin,RKO,2.446050707651698
Lapatinib,geldanamycin,RPMI7951,-5.960419628776203
Lapatinib,geldanamycin,SK-OV-3,3.812227003524945
Lapatinib,geldanamycin,SKMEL30,3.6035536346157695
Lapatinib,geldanamycin,SKMES1,4.28301459624688
Lapatinib,geldanamycin,SW-620,-26.1965705632023
Lapatinib,geldanamycin,SW837,8.463248256721428
Lapatinib,geldanamycin,T-47D,-2.3458288386735573
Lapatinib,geldanamycin,UACC62,3.59102041590596
Lapatinib,geldanamycin,UWB1289,-4.081394009803599
Lapatinib,geldanamycin,VCAP,1.3131129859732091
Sunitinib,Dasatinib,A2058,18.1939100849816
Sunitinib,Dasatinib,A2780,16.618750626525
Sunitinib,Dasatinib,A375,15.4985727759109
Sunitinib,Dasatinib,A427,14.9415296965116
Sunitinib,Dasatinib,CAOV3,8.756217929094177
Sunitinib,Dasatinib,HCT116,4.2006804390709
Sunitinib,Dasatinib,HT144,-3.963646539183849
Sunitinib,Dasatinib,HT29,24.5800902168924
Sunitinib,Dasatinib,LOVO,10.292368565007404
Sunitinib,Dasatinib,MDAMB436,9.94612085382829
Sunitinib,Dasatinib,NCI-H460,16.9349100756105
Sunitinib,Dasatinib,NCIH1650,8.106852576346123
Sunitinib,Dasatinib,NCIH2122,-3.802611775309477
Sunitinib,Dasatinib,NCIH23,15.8859560938761
Sunitinib,Dasatinib,NCIH520,6.442434166934048
Sunitinib,Dasatinib,OCUBM,6.874655354673765
Sunitinib,Dasatinib,OV90,-14.7229944429405
Sunitinib,Dasatinib,OVCAR3,-2.23616712442702
Sunitinib,Dasatinib,PA1,11.0282847349576
Sunitinib,Dasatinib,RKO,19.33685959748449
Sunitinib,Dasatinib,RPMI7951,-4.736229867816737
Sunitinib,Dasatinib,SK-OV-3,7.543407488617369
Sunitinib,Dasatinib,SKMEL30,-12.909180343140196
Sunitinib,Dasatinib,SKMES1,2.369358494612781
Sunitinib,Dasatinib,SW-620,8.86280218600469
Sunitinib,Dasatinib,SW837,10.909208084253878
Sunitinib,Dasatinib,T-47D,1.0880788430276551
Sunitinib,Dasatinib,UACC62,13.667582002208905
Sunitinib,Dasatinib,UWB1289,1.5259403537211615
Sunitinib,Dasatinib,VCAP,13.015759276594096
Sunitinib,Erlotinib,A2058,8.747205755218493
Sunitinib,Erlotinib,A2780,10.480393919522983
Sunitinib,Erlotinib,A375,6.6154810826822
Sunitinib,Erlotinib,A427,10.960301672714698
Sunitinib,Erlotinib,CAOV3,6.71098989067457
Sunitinib,Erlotinib,HCT116,0.31232235517322
Sunitinib,Erlotinib,HT144,2.188685633501576
Sunitinib,Erlotinib,HT29,13.644333664082708
Sunitinib,Erlotinib,LOVO,9.550892694239591
Sunitinib,Erlotinib,MDAMB436,4.76541245752904
Sunitinib,Erlotinib,NCI-H460,7.2595381633228
Sunitinib,Erlotinib,NCIH1650,12.7359625054994
Sunitinib,Erlotinib,NCIH2122,7.837521570550837
Sunitinib,Erlotinib,NCIH23,6.09033976794457
Sunitinib,Erlotinib,NCIH520,10.2532613363299
Sunitinib,Erlotinib,OCUBM,5.598134989920393
Sunitinib,Erlotinib,OV90,5.586124430090477
Sunitinib,Erlotinib,OVCAR3,-0.9529303605806088
Sunitinib,Erlotinib,PA1,8.656689402528613
Sunitinib,Erlotinib,RKO,0.2475632146873464
Sunitinib,Erlotinib,RPMI7951,-4.349210006555943
Sunitinib,Erlotinib,SK-OV-3,8.35813394800668
Sunitinib,Erlotinib,SKMEL30,1.83593808226401
Sunitinib,Erlotinib,SKMES1,12.331931266595111
Sunitinib,Erlotinib,SW-620,-4.813871520282443
Sunitinib,Erlotinib,SW837,6.001532732018722
Sunitinib,Erlotinib,T-47D,-1.14890133483728
Sunitinib,Erlotinib,UACC62,11.555346181601609
Sunitinib,Erlotinib,UWB1289,7.11033993521173
Sunitinib,Erlotinib,VCAP,7.960789166364423
Sunitinib,Lapatinib,A2058,18.5317724911246
Sunitinib,Lapatinib,A2780,8.453421074249384
Sunitinib,Lapatinib,A375,-3.057699221935841
Sunitinib,Lapatinib,A427,12.0378145652987
Sunitinib,Lapatinib,CAOV3,14.8229623836697
Sunitinib,Lapatinib,HCT116,-3.195242757261453
Sunitinib,Lapatinib,HT144,17.1612744381531
Sunitinib,Lapatinib,HT29,16.5479703149859
Sunitinib,Lapatinib,LOVO,9.06213659212517
Sunitinib,Lapatinib,MDAMB436,1.166748445159433
Sunitinib,Lapatinib,NCI-H460,5.4465900456679694
Sunitinib,Lapatinib,NCIH1650,16.4171583068458
Sunitinib,Lapatinib,NCIH2122,17.2594267615487
Sunitinib,Lapatinib,NCIH23,-0.3550158381598589
Sunitinib,Lapatinib,NCIH520,7.028135642932115
Sunitinib,Lapatinib,OCUBM,18.9715733525152
Sunitinib,Lapatinib,OV90,4.435147085081137
Sunitinib,Lapatinib,OVCAR3,9.1356503291117
Sunitinib,Lapatinib,PA1,17.8138573048897
Sunitinib,Lapatinib,RKO,3.73205068567752
Sunitinib,Lapatinib,RPMI7951,11.616605850275496
Sunitinib,Lapatinib,SK-OV-3,16.1850033157246
Sunitinib,Lapatinib,SKMEL30,6.429854346358795
Sunitinib,Lapatinib,SKMES1,8.07102955700163
Sunitinib,Lapatinib,SW-620,-14.2382866820043
Sunitinib,Lapatinib,SW837,14.8508222506114
Sunitinib,Lapatinib,T-47D,4.366245372711767
Sunitinib,Lapatinib,UACC62,16.9968892380515
Sunitinib,Lapatinib,UWB1289,3.85944773684647
Sunitinib,Lapatinib,VCAP,13.309934514349203
Sunitinib,Sorafenib,A2058,-0.9096556467231308
Sunitinib,Sorafenib,A2780,-1.059512617215007
Sunitinib,Sorafenib,A375,4.316615136301563
Sunitinib,Sorafenib,A427,3.562549470771905
Sunitinib,Sorafenib,CAOV3,-3.60075442831331
Sunitinib,Sorafenib,HCT116,1.2705701336207027
Sunitinib,Sorafenib,HT144,3.33951124606136
Sunitinib,Sorafenib,HT29,-0.538262620928304
Sunitinib,Sorafenib,LOVO,-3.0703466753296
Sunitinib,Sorafenib,MDAMB436,-13.8996269060666
Sunitinib,Sorafenib,NCI-H460,-0.1777753404752198
Sunitinib,Sorafenib,NCIH1650,-13.1809903671301
Sunitinib,Sorafenib,NCIH2122,-14.4731176558811
Sunitinib,Sorafenib,NCIH23,-6.19730890695259
Sunitinib,Sorafenib,NCIH520,-2.489313079893845
Sunitinib,Sorafenib,OCUBM,1.0966146270020711
Sunitinib,Sorafenib,OV90,-7.639409008216227
Sunitinib,Sorafenib,OVCAR3,-10.6557437737239
Sunitinib,Sorafenib,PA1,-4.99755531471552
Sunitinib,Sorafenib,RKO,-7.378812419643663
Sunitinib,Sorafenib,RPMI7951,-18.1797235112709
Sunitinib,Sorafenib,SK-OV-3,-7.789052707582185
Sunitinib,Sorafenib,SKMEL30,2.76912169862866
Sunitinib,Sorafenib,SKMES1,-11.9299972333177
Sunitinib,Sorafenib,SW-620,-2.67676896274171
Sunitinib,Sorafenib,SW837,-18.9061714872788
Sunitinib,Sorafenib,T-47D,13.71198107208239
Sunitinib,Sorafenib,UACC62,-2.13735826282737
Sunitinib,Sorafenib,UWB1289,-3.21662088766757
Sunitinib,Sorafenib,VCAP,-3.0331069492891496
Sunitinib,geldanamycin,A2058,6.795393661635613
Sunitinib,geldanamycin,A2780,4.67424026120176
Sunitinib,geldanamycin,A375,11.644495901203598
Sunitinib,geldanamycin,A427,5.87221574658101
Sunitinib,geldanamycin,CAOV3,7.184930267876617
Sunitinib,geldanamycin,HCT116,9.179556151687803
Sunitinib,geldanamycin,HT144,0.9480162028997956
Sunitinib,geldanamycin,HT29,2.6210618799141923
Sunitinib,geldanamycin,LOVO,0.4007388327427847
Sunitinib,geldanamycin,MDAMB436,3.939818822274421
Sunitinib,geldanamycin,NCI-H460,5.61896917638109
Sunitinib,geldanamycin,NCIH1650,5.3817717725564
Sunitinib,geldanamycin,NCIH2122,-9.859535687586003
Sunitinib,geldanamycin,NCIH23,-2.683955047842884
Sunitinib,geldanamycin,NCIH520,0.2492257167476033
Sunitinib,geldanamycin,OCUBM,6.80321923705408
Sunitinib,geldanamycin,OV90,-25.0659802428987
Sunitinib,geldanamycin,OVCAR3,-2.99361591491145
Sunitinib,geldanamycin,PA1,9.60447820177431
Sunitinib,geldanamycin,RKO,2.765011277030255
Sunitinib,geldanamycin,RPMI7951,-10.78700495517378
Sunitinib,geldanamycin,SK-OV-3,2.78743688363977
Sunitinib,geldanamycin,SKMEL30,0.7860328468455551
Sunitinib,geldanamycin,SKMES1,4.484288991501213
Sunitinib,geldanamycin,SW-620,1.4955767028094
Sunitinib,geldanamycin,SW837,0.0548896546292299
Sunitinib,geldanamycin,T-47D,15.4186986077963
Sunitinib,geldanamycin,UACC62,8.017093587799739
Sunitinib,geldanamycin,UWB1289,-9.509135784465323
Sunitinib,geldanamycin,VCAP,2.60625970962018
Vorinostat,Dasatinib,A2058,11.710679650337616
Vorinostat,Dasatinib,A2780,-6.31868596379813
Vorinostat,Dasatinib,A375,-7.187555808667961
Vorinostat,Dasatinib,A427,-1.51657819068512
Vorinostat,Dasatinib,CAOV3,5.58846482112586
Vorinostat,Dasatinib,HCT116,-20.3623076046531
Vorinostat,Dasatinib,HT144,-11.221818720505304
Vorinostat,Dasatinib,HT29,0.9601515747159592
Vorinostat,Dasatinib,LOVO,-0.3136273830120112
Vorinostat,Dasatinib,MDAMB436,-1.9051378030600723
Vorinostat,Dasatinib,NCI-H460,-4.361976736345532
Vorinostat,Dasatinib,NCIH1650,5.220668557811489
Vorinostat,Dasatinib,NCIH2122,-36.50577458359941
Vorinostat,Dasatinib,NCIH23,-0.5734820606807138
Vorinostat,Dasatinib,NCIH520,-4.029904705212941
Vorinostat,Dasatinib,OCUBM,-0.5284321769112605
Vorinostat,Dasatinib,OV90,1.0590749185315824
Vorinostat,Dasatinib,OVCAR3,-1.626797120535592
Vorinostat,Dasatinib,PA1,-0.6581754288220045
Vorinostat,Dasatinib,RKO,-1.2236747050651609
Vorinostat,Dasatinib,RPMI7951,0.2047767843086013
Vorinostat,Dasatinib,SK-OV-3,-2.1147225087047508
Vorinostat,Dasatinib,SKMEL30,-14.885807229381896
Vorinostat,Dasatinib,SKMES1,-3.454798154796729
Vorinostat,Dasatinib,SW-620,-5.73967918172164
Vorinostat,Dasatinib,SW837,7.383552345763623
Vorinostat,Dasatinib,T-47D,5.321680837772678
Vorinostat,Dasatinib,UACC62,-0.568998602339841
Vorinostat,Dasatinib,UWB1289,-0.4835459876036119
Vorinostat,Dasatinib,VCAP,1.69213972357191
Vorinostat,Erlotinib,A2058,3.455876052191651
Vorinostat,Erlotinib,A2780,9.625121597198186
Vorinostat,Erlotinib,A375,2.8348518495029404
Vorinostat,Erlotinib,A427,1.7706121017107803
Vorinostat,Erlotinib,CAOV3,13.1991243046288
Vorinostat,Erlotinib,HCT116,-1.130678948105339
Vorinostat,Erlotinib,HT144,2.71319811317338
Vorinostat,Erlotinib,HT29,1.888243484494037
Vorinostat,Erlotinib,LOVO,5.009535132419683
Vorinostat,Erlotinib,MDAMB436,4.25311060075082
Vorinostat,Erlotinib,NCI-H460,1.1496085756031087
Vorinostat,Erlotinib,NCIH1650,4.14054171285972
Vorinostat,Erlotinib,NCIH2122,5.84905996845087
Vorinostat,Erlotinib,NCIH23,-2.77042962989298
Vorinostat,Erlotinib,NCIH520,8.2142562177934
Vorinostat,Erlotinib,OCUBM,3.41802282280863
Vorinostat,Erlotinib,OV90,3.3899996482015826
Vorinostat,Erlotinib,OVCAR3,3.54836143321337
Vorinostat,Erlotinib,PA1,-0.810306898238276
Vorinostat,Erlotinib,RKO,-2.588665914009158
Vorinostat,Erlotinib,RPMI7951,5.954690473588823
Vorinostat,Erlotinib,SK-OV-3,2.204062447972561
Vorinostat,Erlotinib,SKMEL30,-3.790702882666694
Vorinostat,Erlotinib,SKMES1,6.63109301847755
Vorinostat,Erlotinib,SW-620,-5.19085420781142
Vorinostat,Erlotinib,SW837,10.229168329440906
Vorinostat,Erlotinib,T-47D,5.635020609606415
Vorinostat,Erlotinib,UACC62,8.143116180793372
Vorinostat,Erlotinib,UWB1289,5.062784719364307
Vorinostat,Erlotinib,VCAP,11.779516260068313
Vorinostat,Lapatinib,A2058,-0.2898522089969393
Vorinostat,Lapatinib,A2780,2.5565427438131976
Vorinostat,Lapatinib,A375,-10.739322929783883
Vorinostat,Lapatinib,A427,-11.18181257464061
Vorinostat,Lapatinib,CAOV3,9.014890317831036
Vorinostat,Lapatinib,HCT116,-3.11888044241469
Vorinostat,Lapatinib,HT144,-0.0556983764780604
Vorinostat,Lapatinib,HT29,5.86288473591452
Vorinostat,Lapatinib,LOVO,-0.3284521577656807
Vorinostat,Lapatinib,MDAMB436,0.7001962140772594
Vorinostat,Lapatinib,NCI-H460,-10.398648228661925
Vorinostat,Lapatinib,NCIH1650,4.43276114617859
Vorinostat,Lapatinib,NCIH2122,3.77256113899207
Vorinostat,Lapatinib,NCIH23,-5.89266438028177
Vorinostat,Lapatinib,NCIH520,-1.2293411329062325
Vorinostat,Lapatinib,OCUBM,7.859716520666763
Vorinostat,Lapatinib,OV90,2.79124989437018
Vorinostat,Lapatinib,OVCAR3,2.75380173901167
Vorinostat,Lapatinib,PA1,1.0271109700113177
Vorinostat,Lapatinib,RKO,2.4933992323843923
Vorinostat,Lapatinib,RPMI7951,-0.3170472839931941
Vorinostat,Lapatinib,SK-OV-3,1.74273211890989
Vorinostat,Lapatinib,SKMEL30,-1.79502295092813
Vorinostat,Lapatinib,SKMES1,3.61441892535489
Vorinostat,Lapatinib,SW-620,-24.4432878855492
Vorinostat,Lapatinib,SW837,5.42509465390903
Vorinostat,Lapatinib,T-47D,-5.493763326806099
Vorinostat,Lapatinib,UACC62,6.167862854629888
Vorinostat,Lapatinib,UWB1289,0.8617451361473882
Vorinostat,Lapatinib,VCAP,3.27144637329635
Vorinostat,Sorafenib,A2058,-3.9552380984537248
Vorinostat,Sorafenib,A2780,-2.377061578670744
Vorinostat,Sorafenib,A375,2.86709961553106
Vorinostat,Sorafenib,A427,-4.4222229386498375
Vorinostat,Sorafenib,CAOV3,6.92534745147092
Vorinostat,Sorafenib,HCT116,-1.073248118887358
Vorinostat,Sorafenib,HT144,-4.665207913971671
Vorinostat,Sorafenib,HT29,-5.3185412482723295
Vorinostat,Sorafenib,LOVO,-10.386374558578522
Vorinostat,Sorafenib,MDAMB436,-6.426376983867103
Vorinostat,Sorafenib,NCI-H460,-0.0084306638066775
Vorinostat,Sorafenib,NCIH1650,-1.4920816076829602
Vorinostat,Sorafenib,NCIH2122,-8.251107402184557
Vorinostat,Sorafenib,NCIH23,-6.81516141534704
Vorinostat,Sorafenib,NCIH520,0.2016574678685985
Vorinostat,Sorafenib,OCUBM,-1.9263965715605047
Vorinostat,Sorafenib,OV90,-0.71117494174041
Vorinostat,Sorafenib,OVCAR3,-8.044482691931467
Vorinostat,Sorafenib,PA1,-4.062121175440552
Vorinostat,Sorafenib,RKO,-0.7012610501602399
Vorinostat,Sorafenib,RPMI7951,-10.539071528779305
Vorinostat,Sorafenib,SK-OV-3,-2.40000424902785
Vorinostat,Sorafenib,SKMEL30,-0.6472060937938101
Vorinostat,Sorafenib,SKMES1,-0.1428452494230792
Vorinostat,Sorafenib,SW-620,-4.396710286499547
Vorinostat,Sorafenib,SW837,-7.910003358009165
Vorinostat,Sorafenib,T-47D,-6.22433036882608
Vorinostat,Sorafenib,UACC62,-3.36735139960915
Vorinostat,Sorafenib,UWB1289,4.39789099231211
Vorinostat,Sorafenib,VCAP,0.4443344011282492
Vorinostat,Sunitinib,A2058,1.289294757415069
Vorinostat,Sunitinib,A2780,-1.61504571199055
Vorinostat,Sunitinib,A375,-2.3538192484503564
Vorinostat,Sunitinib,A427,-9.93375477053989
Vorinostat,Sunitinib,CAOV3,1.5718362711845366
Vorinostat,Sunitinib,HCT116,2.12042655289975
Vorinostat,Sunitinib,HT144,-5.8677981963370005
Vorinostat,Sunitinib,HT29,3.60913262992784
Vorinostat,Sunitinib,LOVO,2.53362859007723
Vorinostat,Sunitinib,MDAMB436,0.2886204877907422
Vorinostat,Sunitinib,NCI-H460,3.67041582610247
Vorinostat,Sunitinib,NCIH1650,-5.527709296795018
Vorinostat,Sunitinib,NCIH2122,-6.89310310865277
Vorinostat,Sunitinib,NCIH23,-4.12581810820042
Vorinostat,Sunitinib,NCIH520,-0.6907348474047925
Vorinostat,Sunitinib,OCUBM,-1.8239337240231768
Vorinostat,Sunitinib,OV90,-27.1636490162131
Vorinostat,Sunitinib,OVCAR3,-13.790764753514
Vorinostat,Sunitinib,PA1,-2.07036107592124
Vorinostat,Sunitinib,RKO,-4.03025121975644
Vorinostat,Sunitinib,RPMI7951,-15.3173389528898
Vorinostat,Sunitinib,SK-OV-3,-5.775806690181939
Vorinostat,Sunitinib,SKMEL30,-7.08434802004719
Vorinostat,Sunitinib,SKMES1,-5.85807143580148
Vorinostat,Sunitinib,SW-620,-6.291328737399075
Vorinostat,Sunitinib,SW837,-10.1192188918475
Vorinostat,Sunitinib,T-47D,-14.434457477598505
Vorinostat,Sunitinib,UACC62,-2.07861348348741
Vorinostat,Sunitinib,UWB1289,6.120538767403939
Vorinostat,Sunitinib,VCAP,-5.2815921348029296
Vorinostat,geldanamycin,A2058,-0.0053525606393112
Vorinostat,geldanamycin,A2780,0.2570808252882703
Vorinostat,geldanamycin,A375,-10.613183176373598
Vorinostat,geldanamycin,A427,-9.601847091024196
Vorinostat,geldanamycin,CAOV3,-3.34531377329845
Vorinostat,geldanamycin,HCT116,-4.01456885639382
Vorinostat,geldanamycin,HT144,-3.77133000272187
Vorinostat,geldanamycin,HT29,-1.9977872313530125
Vorinostat,geldanamycin,LOVO,-6.055427015859325
Vorinostat,geldanamycin,MDAMB436,4.49646859469848
Vorinostat,geldanamycin,NCI-H460,-11.30813578108209
Vorinostat,geldanamycin,NCIH1650,-3.019531285218114
Vorinostat,geldanamycin,NCIH2122,-1.0683487237199796
Vorinostat,geldanamycin,NCIH23,-10.274169876330886
Vorinostat,geldanamycin,NCIH520,-4.764629840066975
Vorinostat,geldanamycin,OCUBM,-6.50906463316165
Vorinostat,geldanamycin,OV90,0.9434331950199416
Vorinostat,geldanamycin,OVCAR3,-2.487076105276776
Vorinostat,geldanamycin,PA1,-4.666937653128132
Vorinostat,geldanamycin,RKO,-3.0453156276270903
Vorinostat,geldanamycin,RPMI7951,-5.8772631055401
Vorinostat,geldanamycin,SK-OV-3,2.332279780348585
Vorinostat,geldanamycin,SKMEL30,-6.376202369524528
Vorinostat,geldanamycin,SKMES1,-8.998840630677615
Vorinostat,geldanamycin,SW-620,-6.75960002722117
Vorinostat,geldanamycin,SW837,0.300408103033295
Vorinostat,geldanamycin,T-47D,-0.6579761516790089
Vorinostat,geldanamycin,UACC62,-6.745372906074374
Vorinostat,geldanamycin,UWB1289,4.38808277416547
Vorinostat,geldanamycin,VCAP,7.262818938793504
dexamethasone,Dasatinib,A2058,-11.113180908425988
dexamethasone,Dasatinib,A2780,5.46583466116103
dexamethasone,Dasatinib,A375,-19.469018973061075
dexamethasone,Dasatinib,A427,-6.68253431604433
dexamethasone,Dasatinib,CAOV3,11.0853991753379
dexamethasone,Dasatinib,HCT116,-20.5869014386951
dexamethasone,Dasatinib,HT144,1.6729502580778592
dexamethasone,Dasatinib,HT29,-13.563015982384195
dexamethasone,Dasatinib,LOVO,3.7667366885646025
dexamethasone,Dasatinib,MDAMB436,-9.953220777101093
dexamethasone,Dasatinib,NCI-H460,-5.159519294761907
dexamethasone,Dasatinib,NCIH1650,-10.5414716495377
dexamethasone,Dasatinib,NCIH2122,20.7428439693387
dexamethasone,Dasatinib,NCIH23,-7.18713065449027
dexamethasone,Dasatinib,NCIH520,2.4314234692194163
dexamethasone,Dasatinib,OCUBM,-18.5277286275242
dexamethasone,Dasatinib,OV90,-5.5623675139736175
dexamethasone,Dasatinib,OVCAR3,-5.179391847578812
dexamethasone,Dasatinib,PA1,-6.262949496708321
dexamethasone,Dasatinib,RKO,-11.9784507557909
dexamethasone,Dasatinib,RPMI7951,-21.3629045873375
dexamethasone,Dasatinib,SK-OV-3,-2.367312137177082
dexamethasone,Dasatinib,SKMEL30,-6.560167066336443
dexamethasone,Dasatinib,SKMES1,-8.700462669667385
dexamethasone,Dasatinib,SW-620,2.51340467963473
dexamethasone,Dasatinib,SW837,-12.909633143366396
dexamethasone,Dasatinib,T-47D,-16.4599719883519
dexamethasone,Dasatinib,UACC62,-10.968565079401992
dexamethasone,Dasatinib,UWB1289,-9.176001953270983
dexamethasone,Dasatinib,VCAP,-4.873152982370568
dexamethasone,Erlotinib,A2058,-41.1395198834054
dexamethasone,Erlotinib,A2780,-26.5692742661385
dexamethasone,Erlotinib,A375,-26.258782255785
dexamethasone,Erlotinib,A427,-28.0636361890057
dexamethasone,Erlotinib,CAOV3,7.418770080750715
dexamethasone,Erlotinib,HCT116,-30.7199022255615
dexamethasone,Erlotinib,HT144,-35.5448186771701
dexamethasone,Erlotinib,HT29,-18.1070051290659
dexamethasone,Erlotinib,LOVO,-12.5922662394529
dexamethasone,Erlotinib,MDAMB436,-23.2954444871652
dexamethasone,Erlotinib,NCI-H460,-13.950148061363093
dexamethasone,Erlotinib,NCIH1650,4.7680640763497
dexamethasone,Erlotinib,NCIH2122,7.45084701577923
dexamethasone,Erlotinib,NCIH23,-24.2572199033326
dexamethasone,Erlotinib,NCIH520,-2.308732762121495
dexamethasone,Erlotinib,OCUBM,-30.8056950922951
dexamethasone,Erlotinib,OV90,-3.5390830989045075
dexamethasone,Erlotinib,OVCAR3,-15.0089303719363
dexamethasone,Erlotinib,PA1,-13.053772031257305
dexamethasone,Erlotinib,RKO,-9.06573754635488
dexamethasone,Erlotinib,RPMI7951,-38.4849400567448
dexamethasone,Erlotinib,SK-OV-3,-4.527979888097892
dexamethasone,Erlotinib,SKMEL30,-31.515616413872173
dexamethasone,Erlotinib,SKMES1,-11.69780882660921
dexamethasone,Erlotinib,SW-620,-10.731303688850904
dexamethasone,Erlotinib,SW837,-13.037072413777096
dexamethasone,Erlotinib,T-47D,-27.64770126959135
dexamethasone,Erlotinib,UACC62,-25.55316918036869
dexamethasone,Erlotinib,UWB1289,-15.559462368784592
dexamethasone,Erlotinib,VCAP,-11.338238855350506
dexamethasone,Lapatinib,A2058,-17.8084408175675
dexamethasone,Lapatinib,A2780,-11.302161927872188
dexamethasone,Lapatinib,A375,-3.637071869773312
dexamethasone,Lapatinib,A427,-20.7409218490905
dexamethasone,Lapatinib,CAOV3,14.6352674345898
dexamethasone,Lapatinib,HCT116,-7.10827059552493
dexamethasone,Lapatinib,HT144,-27.96215708599589
dexamethasone,Lapatinib,HT29,-23.7494411406013
dexamethasone,Lapatinib,LOVO,0.9090871567987184
dexamethasone,Lapatinib,MDAMB436,-12.5233171201947
dexamethasone,Lapatinib,NCI-H460,-5.16341129781556
dexamethasone,Lapatinib,NCIH1650,-0.8014467498558491
dexamethasone,Lapatinib,NCIH2122,8.19307228691883
dexamethasone,Lapatinib,NCIH23,-15.4814292943448
dexamethasone,Lapatinib,NCIH520,4.001938538520379
dexamethasone,Lapatinib,OCUBM,-21.2195468929047
dexamethasone,Lapatinib,OV90,-3.520787796436005
dexamethasone,Lapatinib,OVCAR3,-4.214346026907057
dexamethasone,Lapatinib,PA1,4.72846919446815
dexamethasone,Lapatinib,RKO,-24.992167376126925
dexamethasone,Lapatinib,RPMI7951,-19.7520332208299
dexamethasone,Lapatinib,SK-OV-3,7.522446474796843
dexamethasone,Lapatinib,SKMEL30,-12.24911226903676
dexamethasone,Lapatinib,SKMES1,-11.133669865203094
dexamethasone,Lapatinib,SW-620,0.2404076931068699
dexamethasone,Lapatinib,SW837,-6.4648984000359935
dexamethasone,Lapatinib,T-47D,-19.100904418149
dexamethasone,Lapatinib,UACC62,-12.7386491421071
dexamethasone,Lapatinib,UWB1289,-31.934070451053
dexamethasone,Lapatinib,VCAP,-10.497767159210698
dexamethasone,Sorafenib,A2058,-7.1526743450051855
dexamethasone,Sorafenib,A2780,-12.2162083245621
dexamethasone,Sorafenib,A375,-3.8453528225106623
dexamethasone,Sorafenib,A427,-8.65496498210776
dexamethasone,Sorafenib,CAOV3,15.6414782015599
dexamethasone,Sorafenib,HCT116,-15.902118442879
dexamethasone,Sorafenib,HT144,-17.4841411730512
dexamethasone,Sorafenib,HT29,-16.600339428286603
dexamethasone,Sorafenib,LOVO,-3.270422191581055
dexamethasone,Sorafenib,MDAMB436,-8.798237091769485
dexamethasone,Sorafenib,NCI-H460,-12.7315114055493
dexamethasone,Sorafenib,NCIH1650,-14.409506408843407
dexamethasone,Sorafenib,NCIH2122,-7.81388191369781
dexamethasone,Sorafenib,NCIH23,-14.3103126367969
dexamethasone,Sorafenib,NCIH520,-7.57557880794988
dexamethasone,Sorafenib,OCUBM,-11.705366535732304
dexamethasone,Sorafenib,OV90,-4.15624175439773
dexamethasone,Sorafenib,OVCAR3,0.2594141505344826
dexamethasone,Sorafenib,PA1,-12.3781694316975
dexamethasone,Sorafenib,RKO,-18.6292132467089
dexamethasone,Sorafenib,RPMI7951,-26.1191329979098
dexamethasone,Sorafenib,SK-OV-3,-0.6884117876070912
dexamethasone,Sorafenib,SKMEL30,-5.17831154550348
dexamethasone,Sorafenib,SKMES1,1.61677665352485
dexamethasone,Sorafenib,SW-620,-12.9397422629832
dexamethasone,Sorafenib,SW837,-13.4089268865456
dexamethasone,Sorafenib,T-47D,-10.956818171714705
dexamethasone,Sorafenib,UACC62,-11.9846830308257
dexamethasone,Sorafenib,UWB1289,-6.879472048396067
dexamethasone,Sorafenib,VCAP,-11.773766374328297
dexamethasone,Sunitinib,A2058,-15.7834934865799
dexamethasone,Sunitinib,A2780,-21.8962191024866
dexamethasone,Sunitinib,A375,-12.7137936794919
dexamethasone,Sunitinib,A427,-19.6175855102284
dexamethasone,Sunitinib,CAOV3,4.052279150357491
dexamethasone,Sunitinib,HCT116,-29.7403775200217
dexamethasone,Sunitinib,HT144,-9.362863686069195
dexamethasone,Sunitinib,HT29,-9.70693692529289
dexamethasone,Sunitinib,LOVO,-8.39479061793487
dexamethasone,Sunitinib,MDAMB436,-17.0119321722455
dexamethasone,Sunitinib,NCI-H460,4.584421564331302
dexamethasone,Sunitinib,NCIH1650,-7.156550033865472
dexamethasone,Sunitinib,NCIH2122,14.1235470599023
dexamethasone,Sunitinib,NCIH23,-22.6841489367301
dexamethasone,Sunitinib,NCIH520,-12.147399114840605
dexamethasone,Sunitinib,OCUBM,-12.533050119535002
dexamethasone,Sunitinib,OV90,4.82455755953161
dexamethasone,Sunitinib,OVCAR3,7.158235365631607
dexamethasone,Sunitinib,PA1,1.437241653553571
dexamethasone,Sunitinib,RKO,-27.6920167541674
dexamethasone,Sunitinib,RPMI7951,-14.4061745570978
dexamethasone,Sunitinib,SK-OV-3,-1.930224441335125
dexamethasone,Sunitinib,SKMEL30,-27.9020155354992
dexamethasone,Sunitinib,SKMES1,-1.5220929784942658
dexamethasone,Sunitinib,SW-620,-24.2508933717269
dexamethasone,Sunitinib,SW837,-26.5129077898497
dexamethasone,Sunitinib,T-47D,3.7804230286959792
dexamethasone,Sunitinib,UACC62,-15.020937907067507
dexamethasone,Sunitinib,UWB1289,-8.80546181278599
dexamethasone,Sunitinib,VCAP,-12.0847368637308
dexamethasone,Vorinostat,A2058,-42.637521131086125
dexamethasone,Vorinostat,A2780,-35.8337806803641
dexamethasone,Vorinostat,A375,-35.3994683825842
dexamethasone,Vorinostat,A427,-37.1716279374795
dexamethasone,Vorinostat,CAOV3,5.989492839405608
dexamethasone,Vorinostat,HCT116,-38.4626262988146
dexamethasone,Vorinostat,HT144,-45.30258920076982
dexamethasone,Vorinostat,HT29,-35.4604736838065
dexamethasone,Vorinostat,LOVO,-3.8022266666193874
dexamethasone,Vorinostat,MDAMB436,-15.4752611754195
dexamethasone,Vorinostat,NCI-H460,-33.9587360563784
dexamethasone,Vorinostat,NCIH1650,-17.5589533745204
dexamethasone,Vorinostat,NCIH2122,-6.42491227706334
dexamethasone,Vorinostat,NCIH23,-27.3858072066324
dexamethasone,Vorinostat,NCIH520,-9.633163292669298
dexamethasone,Vorinostat,OCUBM,-37.2883298194418
dexamethasone,Vorinostat,OV90,-7.952166005584182
dexamethasone,Vorinostat,OVCAR3,-31.380009974583203
dexamethasone,Vorinostat,PA1,-34.727836669101
dexamethasone,Vorinostat,RKO,-28.13472322157985
dexamethasone,Vorinostat,RPMI7951,-42.4099588259267
dexamethasone,Vorinostat,SK-OV-3,-13.3709137252944
dexamethasone,Vorinostat,SKMEL30,-15.957982665262508
dexamethasone,Vorinostat,SKMES1,-8.237956686764985
dexamethasone,Vorinostat,SW-620,-41.9047429025821
dexamethasone,Vorinostat,SW837,-10.128266274366498
dexamethasone,Vorinostat,T-47D,-38.7823663998969
dexamethasone,Vorinostat,UACC62,-35.1709788883515
dexamethasone,Vorinostat,UWB1289,-27.8629509568953
dexamethasone,Vorinostat,VCAP,-21.4503408223732
dexamethasone,geldanamycin,A2058,-31.18852367408345
dexamethasone,geldanamycin,A2780,-35.163016426576704
dexamethasone,geldanamycin,A375,-34.7812340468876
dexamethasone,geldanamycin,A427,-18.707844022
dexamethasone,geldanamycin,CAOV3,-2.7077151362496297
dexamethasone,geldanamycin,HCT116,-15.5157954828953
dexamethasone,geldanamycin,HT144,-40.2614734397264
dexamethasone,geldanamycin,HT29,-21.6327950573002
dexamethasone,geldanamycin,LOVO,-10.249148139079496
dexamethasone,geldanamycin,MDAMB436,-26.2706781913698
dexamethasone,geldanamycin,NCI-H460,-21.0606958753072
dexamethasone,geldanamycin,NCIH1650,-32.1283374054069
dexamethasone,geldanamycin,NCIH2122,-7.734574598544068
dexamethasone,geldanamycin,NCIH23,-30.167243616457
dexamethasone,geldanamycin,NCIH520,-35.2906329121599
dexamethasone,geldanamycin,OCUBM,-20.3593816575191
dexamethasone,geldanamycin,OV90,-11.219410776078313
dexamethasone,geldanamycin,OVCAR3,-25.9801803981754
dexamethasone,geldanamycin,PA1,3.126169348435272
dexamethasone,geldanamycin,RKO,-46.39510994896701
dexamethasone,geldanamycin,RPMI7951,-34.3143130117107
dexamethasone,geldanamycin,SK-OV-3,1.869241020829697
dexamethasone,geldanamycin,SKMEL30,-12.500029270357295
dexamethasone,geldanamycin,SKMES1,-12.2774867069717
dexamethasone,geldanamycin,SW-620,-36.7383193130824
dexamethasone,geldanamycin,SW837,-24.5242345195019
dexamethasone,geldanamycin,T-47D,-3.2855896341823474
dexamethasone,geldanamycin,UACC62,-40.3645652505015
dexamethasone,geldanamycin,UWB1289,-44.2857422252861
dexamethasone,geldanamycin,VCAP,-27.068723822751306
geldanamycin,Sorafenib,A2058,8.652061852316729
geldanamycin,Sorafenib,A2780,-0.190891674386513
geldanamycin,Sorafenib,A375,4.123908949931413
geldanamycin,Sorafenib,A427,1.350733135180331
geldanamycin,Sorafenib,CAOV3,1.3318185914773402
geldanamycin,Sorafenib,HCT116,-2.20364176327536
geldanamycin,Sorafenib,HT144,2.4288820651169605
geldanamycin,Sorafenib,HT29,-1.995826789875676
geldanamycin,Sorafenib,LOVO,-10.288292260688207
geldanamycin,Sorafenib,MDAMB436,-11.864177458483407
geldanamycin,Sorafenib,NCI-H460,-0.0379657812584102
geldanamycin,Sorafenib,NCIH1650,-7.75971004909346
geldanamycin,Sorafenib,NCIH2122,0.6884341878779402
geldanamycin,Sorafenib,NCIH23,0.6681105368389735
geldanamycin,Sorafenib,NCIH520,2.283405953189745
geldanamycin,Sorafenib,OCUBM,6.9472187772133225
geldanamycin,Sorafenib,OV90,1.1848602197973823
geldanamycin,Sorafenib,OVCAR3,-16.475900892606802
geldanamycin,Sorafenib,PA1,-0.874105623616695
geldanamycin,Sorafenib,RKO,-0.0780407432645869
geldanamycin,Sorafenib,RPMI7951,-8.08045020128908
geldanamycin,Sorafenib,SK-OV-3,4.133325903305868
geldanamycin,Sorafenib,SKMEL30,-1.207429910073891
geldanamycin,Sorafenib,SKMES1,-2.8859593337581737
geldanamycin,Sorafenib,SW-620,-0.8984319813221007
geldanamycin,Sorafenib,SW837,-3.36903782007548
geldanamycin,Sorafenib,T-47D,9.0758909366509
geldanamycin,Sorafenib,UACC62,3.2582764286422226
geldanamycin,Sorafenib,UWB1289,-1.5699354762224491
geldanamycin,Sorafenib,VCAP,-10.35739215730591
metformin,Dasatinib,A2058,-6.2026319104393295
metformin,Dasatinib,A2780,9.772192422094813
metformin,Dasatinib,A375,-57.144820014625296
metformin,Dasatinib,A427,0.8542168432631491
metformin,Dasatinib,CAOV3,-9.979741434164584
metformin,Dasatinib,HCT116,-13.14009076535719
metformin,Dasatinib,HT144,-10.480511156242285
metformin,Dasatinib,HT29,-22.482844278002705
metformin,Dasatinib,LOVO,-9.325981865786185
metformin,Dasatinib,MDAMB436,1.9806048133258944
metformin,Dasatinib,NCI-H460,-0.670930828719279
metformin,Dasatinib,NCIH1650,-13.2363849677504
metformin,Dasatinib,NCIH2122,-34.48768519828235
metformin,Dasatinib,NCIH23,-7.920344649869953
metformin,Dasatinib,NCIH520,-0.592182005541919
metformin,Dasatinib,OCUBM,-6.3500959185649
metformin,Dasatinib,OV90,-2.54595208771381
metformin,Dasatinib,OVCAR3,-4.11149235653684
metformin,Dasatinib,PA1,-6.686975812883663
metformin,Dasatinib,RKO,-30.3377383335249
metformin,Dasatinib,RPMI7951,-12.898019313824
metformin,Dasatinib,SK-OV-3,-16.1535771788668
metformin,Dasatinib,SKMEL30,-7.211196994815285
metformin,Dasatinib,SKMES1,-37.3999740396079
metformin,Dasatinib,SW-620,9.04709717330502
metformin,Dasatinib,SW837,-17.5801214502402
metformin,Dasatinib,T-47D,-4.534682244798708
metformin,Dasatinib,UACC62,-13.4460672849668
metformin,Dasatinib,UWB1289,-8.2299173561342
metformin,Dasatinib,VCAP,0.046018285265003
metformin,Erlotinib,A2058,-83.9761260280997
metformin,Erlotinib,A2780,-48.3858044800915
metformin,Erlotinib,A375,-82.4887013651952
metformin,Erlotinib,A427,-28.0249952668106
metformin,Erlotinib,CAOV3,-50.4820483838523
metformin,Erlotinib,HCT116,-89.5439156156453
metformin,Erlotinib,HT144,-33.1832620874725
metformin,Erlotinib,HT29,-17.7883076547542
metformin,Erlotinib,LOVO,-35.8165916579592
metformin,Erlotinib,MDAMB436,-42.2483635713802
metformin,Erlotinib,NCI-H460,-14.1325019191809
metformin,Erlotinib,NCIH1650,-23.227454082363305
metformin,Erlotinib,NCIH2122,-46.9980356488569
metformin,Erlotinib,NCIH23,-14.1813773041305
metformin,Erlotinib,NCIH520,-13.315456279797685
metformin,Erlotinib,OCUBM,-12.026803679110706
metformin,Erlotinib,OV90,-3.5546157663424616
metformin,Erlotinib,OVCAR3,-50.1674018945849
metformin,Erlotinib,PA1,-44.6057608529879
metformin,Erlotinib,RKO,-8.184373188662292
metformin,Erlotinib,RPMI7951,-13.5632540546311
metformin,Erlotinib,SK-OV-3,-60.49569009623433
metformin,Erlotinib,SKMEL30,-90.3299705619704
metformin,Erlotinib,SKMES1,-18.5891767455387
metformin,Erlotinib,SW-620,-29.9162730471743
metformin,Erlotinib,SW837,-35.1782981083837
metformin,Erlotinib,T-47D,-47.9957157156951
metformin,Erlotinib,UACC62,-30.7261055182573
metformin,Erlotinib,UWB1289,-12.840088322870097
metformin,Erlotinib,VCAP,-12.208208404490907
metformin,Lapatinib,A2058,-11.03094492075089
metformin,Lapatinib,A2780,-22.3071231538392
metformin,Lapatinib,A375,-1.67197513843126
metformin,Lapatinib,A427,-14.285610883283098
metformin,Lapatinib,CAOV3,-27.8195558011628
metformin,Lapatinib,HCT116,-5.785469568057495
metformin,Lapatinib,HT144,-36.8822022827233
metformin,Lapatinib,HT29,-11.916211326129387
metformin,Lapatinib,LOVO,-8.237627320974727
metformin,Lapatinib,MDAMB436,-14.6311710829416
metformin,Lapatinib,NCI-H460,-1.2671721747064446
metformin,Lapatinib,NCIH1650,-17.0078420331655
metformin,Lapatinib,NCIH2122,-41.8026500314277
metformin,Lapatinib,NCIH23,-2.8472026300298463
metformin,Lapatinib,NCIH520,-8.36164856265281
metformin,Lapatinib,OCUBM,-37.189874708633695
metformin,Lapatinib,OV90,-2.989164004622407
metformin,Lapatinib,OVCAR3,-14.6157572128631
metformin,Lapatinib,PA1,-74.9399761386801
metformin,Lapatinib,RKO,-78.7451798053926
metformin,Lapatinib,RPMI7951,2.12749125232924
metformin,Lapatinib,SK-OV-3,-12.955988512618
metformin,Lapatinib,SKMEL30,-19.6754058911438
metformin,Lapatinib,SKMES1,-22.2455703021075
metformin,Lapatinib,SW-620,-1.511416195100045
metformin,Lapatinib,SW837,-22.9219832537164
metformin,Lapatinib,T-47D,-9.59094984812801
metformin,Lapatinib,UACC62,-69.1366966634013
metformin,Lapatinib,UWB1289,-20.3746494688195
metformin,Lapatinib,VCAP,-9.657849716236
metformin,Sorafenib,A2058,-46.587141393021525
metformin,Sorafenib,A2780,-25.2381267145584
metformin,Sorafenib,A375,-46.2372447228831
metformin,Sorafenib,A427,-23.975827854410426
metformin,Sorafenib,CAOV3,-24.4869919201538
metformin,Sorafenib,HCT116,-49.5120706514507
metformin,Sorafenib,HT144,-46.862925671502296
metformin,Sorafenib,HT29,-37.4061766871973
metformin,Sorafenib,LOVO,-34.0729170807354
metformin,Sorafenib,MDAMB436,-52.7336020518746
metformin,Sorafenib,NCI-H460,-21.61387508166409
metformin,Sorafenib,NCIH1650,-3.448025235667948
metformin,Sorafenib,NCIH2122,-18.23432595343749
metformin,Sorafenib,NCIH23,-26.0047332498617
metformin,Sorafenib,NCIH520,-40.922076323723
metformin,Sorafenib,OCUBM,-20.7592210135025
metformin,Sorafenib,OV90,-0.8028238008287005
metformin,Sorafenib,OVCAR3,-26.912205886836706
metformin,Sorafenib,PA1,-28.9638748432599
metformin,Sorafenib,RKO,-44.7886924625105
metformin,Sorafenib,RPMI7951,-10.162041561092582
metformin,Sorafenib,SK-OV-3,-27.4476544011683
metformin,Sorafenib,SKMEL30,-20.9507978903398
metformin,Sorafenib,SKMES1,-13.547300817594484
metformin,Sorafenib,SW-620,-51.4043293278057
metformin,Sorafenib,SW837,-39.0646563811545
metformin,Sorafenib,T-47D,-1.3326443092463092
metformin,Sorafenib,UACC62,-26.24662901330595
metformin,Sorafenib,UWB1289,-26.6822467124322
metformin,Sorafenib,VCAP,-55.7541546140486
metformin,Sunitinib,A2058,-30.89708550466269
metformin,Sunitinib,A2780,-40.5029244010595
metformin,Sunitinib,A375,-55.54568697318505
metformin,Sunitinib,A427,-37.13962469223695
metformin,Sunitinib,CAOV3,-45.634880019414
metformin,Sunitinib,HCT116,-58.24412469223692
metformin,Sunitinib,HT144,-14.57002364123529
metformin,Sunitinib,HT29,-18.0018409950579
metformin,Sunitinib,LOVO,-33.7845903951132
metformin,Sunitinib,MDAMB436,-58.4491138315396
metformin,Sunitinib,NCI-H460,-3.681083449701528
metformin,Sunitinib,NCIH1650,-51.402683514636095
metformin,Sunitinib,NCIH2122,-6.512385872303066
metformin,Sunitinib,NCIH23,-21.5531296050118
metformin,Sunitinib,NCIH520,-24.1634597090208
metformin,Sunitinib,OCUBM,-35.155236696245
metformin,Sunitinib,OV90,5.5273920092716775
metformin,Sunitinib,OVCAR3,-1.6020246929696491
metformin,Sunitinib,PA1,-61.4386715672369
metformin,Sunitinib,RKO,-58.40351531723695
metformin,Sunitinib,RPMI7951,-1.757118944268968
metformin,Sunitinib,SK-OV-3,-64.65676531723692
metformin,Sunitinib,SKMEL30,-75.56229656723696
metformin,Sunitinib,SKMES1,-44.1817825469333
metformin,Sunitinib,SW-620,-43.929359067237
metformin,Sunitinib,SW837,-71.7765711158932
metformin,Sunitinib,T-47D,15.384553292915324
metformin,Sunitinib,UACC62,-56.2560888739038
metformin,Sunitinib,UWB1289,-8.207132148775708
metformin,Sunitinib,VCAP,-17.6906096863185
metformin,Vorinostat,A2058,-8.72128086410909
metformin,Vorinostat,A2780,-63.2346715672369
metformin,Vorinostat,A375,-77.3623903172369
metformin,Vorinostat,A427,-21.7936206120663
metformin,Vorinostat,CAOV3,-15.746453943284
metformin,Vorinostat,HCT116,-62.9031214125763
metformin,Vorinostat,HT144,-23.6042929930625
metformin,Vorinostat,HT29,-22.794043146736
metformin,Vorinostat,LOVO,-35.0272315856836
metformin,Vorinostat,MDAMB436,-42.6579269422049
metformin,Vorinostat,NCI-H460,-10.8237586662752
metformin,Vorinostat,NCIH1650,-18.5255095356289
metformin,Vorinostat,NCIH2122,-33.3004252633332
metformin,Vorinostat,NCIH23,-6.613686761665703
metformin,Vorinostat,NCIH520,-30.7366736665872
metformin,Vorinostat,OCUBM,-13.2752747780792
metformin,Vorinostat,OV90,-4.853312003098937
metformin,Vorinostat,OVCAR3,-51.6773231694491
metformin,Vorinostat,PA1,-48.51478094223695
metformin,Vorinostat,RKO,-70.65073406723695
metformin,Vorinostat,RPMI7951,-22.42608065327665
metformin,Vorinostat,SK-OV-3,-49.8653288018085
metformin,Vorinostat,SKMEL30,-46.6686841099013
metformin,Vorinostat,SKMES1,-42.936846127142296
metformin,Vorinostat,SW-620,-68.1959205924323
metformin,Vorinostat,SW837,-47.9875704511971
metformin,Vorinostat,T-47D,-21.4141717786538
metformin,Vorinostat,UACC62,-24.577379709126298
metformin,Vorinostat,UWB1289,-9.762453719841735
metformin,Vorinostat,VCAP,-62.9612541332419
metformin,geldanamycin,A2058,-28.3488859938485
metformin,geldanamycin,A2780,-38.4962238749225
metformin,geldanamycin,A375,-49.062306315025
metformin,geldanamycin,A427,-4.752960817423343
metformin,geldanamycin,CAOV3,-9.619042312244815
metformin,geldanamycin,HCT116,-56.3663437951974
metformin,geldanamycin,HT144,-22.4462583852743
metformin,geldanamycin,HT29,-22.9610154952969
metformin,geldanamycin,LOVO,-16.4910721624856
metformin,geldanamycin,MDAMB436,-31.4759298257721
metformin,geldanamycin,NCI-H460,-2.4461467814868523
metformin,geldanamycin,NCIH1650,-38.6438610292767
metformin,geldanamycin,NCIH2122,-12.0320822507053
metformin,geldanamycin,NCIH23,-12.6203596574975
metformin,geldanamycin,NCIH520,-17.2817979072755
metformin,geldanamycin,OCUBM,-19.7885249955934
metformin,geldanamycin,OV90,-4.51305804704249
metformin,geldanamycin,OVCAR3,-24.96156751119129
metformin,geldanamycin,PA1,-89.04756219223692
metformin,geldanamycin,RKO,-61.6890402284636
metformin,geldanamycin,RPMI7951,-10.594900847222812
metformin,geldanamycin,SK-OV-3,-27.5445722402187
metformin,geldanamycin,SKMEL30,-27.8178569354009
metformin,geldanamycin,SKMES1,-33.7712071062874
metformin,geldanamycin,SW-620,-39.873530292237
metformin,geldanamycin,SW837,-23.8934551543691
metformin,geldanamycin,T-47D,3.547124544521316
metformin,geldanamycin,UACC62,-26.79502671025515
metformin,geldanamycin,UWB1289,-10.09410467002709
metformin,geldanamycin,VCAP,-60.92137282626391
paclitaxel,Dasatinib,A2058,-12.4595255596924
paclitaxel,Dasatinib,A2780,0.1119561526876595
paclitaxel,Dasatinib,A375,6.364261125349779
paclitaxel,Dasatinib,A427,3.47166270740147
paclitaxel,Dasatinib,CAOV3,8.99923705482913
paclitaxel,Dasatinib,HCT116,-37.0930621901092
paclitaxel,Dasatinib,HT144,-40.2101205720394
paclitaxel,Dasatinib,HT29,6.020551076354931
paclitaxel,Dasatinib,LOVO,7.276768036701751
paclitaxel,Dasatinib,MDAMB436,1.2555345380058751
paclitaxel,Dasatinib,NCI-H460,-39.0956747424042
paclitaxel,Dasatinib,NCIH1650,8.91646092056966
paclitaxel,Dasatinib,NCIH2122,-44.9949251983702
paclitaxel,Dasatinib,NCIH23,0.1752112379752922
paclitaxel,Dasatinib,NCIH520,-1.5184696160120892
paclitaxel,Dasatinib,OCUBM,-1.4412632820262703
paclitaxel,Dasatinib,OV90,8.24149319055937
paclitaxel,Dasatinib,OVCAR3,2.13745295521649
paclitaxel,Dasatinib,PA1,2.4851768276660025
paclitaxel,Dasatinib,RKO,4.452168509343501
paclitaxel,Dasatinib,RPMI7951,2.1112971208509976
paclitaxel,Dasatinib,SK-OV-3,8.754663680824095
paclitaxel,Dasatinib,SKMEL30,-26.6651088566214
paclitaxel,Dasatinib,SKMES1,6.58117049992555
paclitaxel,Dasatinib,SW-620,-5.653435188749545
paclitaxel,Dasatinib,SW837,3.6053774296538297
paclitaxel,Dasatinib,T-47D,7.078924552126015
paclitaxel,Dasatinib,UACC62,-7.69948364751984
paclitaxel,Dasatinib,UWB1289,4.774357664359128
paclitaxel,Dasatinib,VCAP,-17.309192174305
paclitaxel,Erlotinib,A2058,-3.9965921287470247
paclitaxel,Erlotinib,A2780,1.7249239205326918
paclitaxel,Erlotinib,A375,11.877856996640997
paclitaxel,Erlotinib,A427,-1.3944922949507652
paclitaxel,Erlotinib,CAOV3,5.506094216928792
paclitaxel,Erlotinib,HCT116,-4.639593570653838
paclitaxel,Erlotinib,HT144,5.45103123545738
paclitaxel,Erlotinib,HT29,4.25403099118957
paclitaxel,Erlotinib,LOVO,5.29091659278858
paclitaxel,Erlotinib,MDAMB436,0.7982616963508231
paclitaxel,Erlotinib,NCI-H460,10.349523074958825
paclitaxel,Erlotinib,NCIH1650,4.17561229224804
paclitaxel,Erlotinib,NCIH2122,-1.94666134980912
paclitaxel,Erlotinib,NCIH23,-2.7468186065138984
paclitaxel,Erlotinib,NCIH520,-6.708306328674888
paclitaxel,Erlotinib,OCUBM,2.8274240704709
paclitaxel,Erlotinib,OV90,0.1590569364430157
paclitaxel,Erlotinib,OVCAR3,3.58036180553514
paclitaxel,Erlotinib,PA1,-1.2816619609782416
paclitaxel,Erlotinib,RKO,-2.6871577689602653
paclitaxel,Erlotinib,RPMI7951,0.8825935384285006
paclitaxel,Erlotinib,SK-OV-3,4.398848813602776
paclitaxel,Erlotinib,SKMEL30,-0.1240821746904601
paclitaxel,Erlotinib,SKMES1,2.42002639701588
paclitaxel,Erlotinib,SW-620,-3.134999611446543
paclitaxel,Erlotinib,SW837,-1.657597602265355
paclitaxel,Erlotinib,T-47D,0.1235817830644999
paclitaxel,Erlotinib,UACC62,4.55602013063716
paclitaxel,Erlotinib,UWB1289,1.99934019108803
paclitaxel,Erlotinib,VCAP,-19.923371510770203
paclitaxel,Lapatinib,A2058,-15.2234416939723
paclitaxel,Lapatinib,A2780,1.39259946716825
paclitaxel,Lapatinib,A375,-11.9965988914421
paclitaxel,Lapatinib,A427,-0.6715208179901364
paclitaxel,Lapatinib,CAOV3,7.99575647038201
paclitaxel,Lapatinib,HCT116,4.780848076735348
paclitaxel,Lapatinib,HT144,6.46185690649625
paclitaxel,Lapatinib,HT29,1.844566842421384
paclitaxel,Lapatinib,LOVO,5.35198813185094
paclitaxel,Lapatinib,MDAMB436,-1.6521884315998507
paclitaxel,Lapatinib,NCI-H460,-30.8171784242839
paclitaxel,Lapatinib,NCIH1650,3.12612254618191
paclitaxel,Lapatinib,NCIH2122,-2.289513933263135
paclitaxel,Lapatinib,NCIH23,-4.20883890972707
paclitaxel,Lapatinib,NCIH520,-10.415057364934407
paclitaxel,Lapatinib,OCUBM,8.440986836263871
paclitaxel,Lapatinib,OV90,0.7709161631446207
paclitaxel,Lapatinib,OVCAR3,1.6198341998494314
paclitaxel,Lapatinib,PA1,0.4646043967887734
paclitaxel,Lapatinib,RKO,-2.306526469902426
paclitaxel,Lapatinib,RPMI7951,-13.2494383747796
paclitaxel,Lapatinib,SK-OV-3,2.125547882163602
paclitaxel,Lapatinib,SKMEL30,-1.122073026503361
paclitaxel,Lapatinib,SKMES1,9.144089281431205
paclitaxel,Lapatinib,SW-620,-34.8552692363716
paclitaxel,Lapatinib,SW837,6.147225205740463
paclitaxel,Lapatinib,T-47D,0.809697096857583
paclitaxel,Lapatinib,UACC62,3.7078671714499096
paclitaxel,Lapatinib,UWB1289,1.1615369027166365
paclitaxel,Lapatinib,VCAP,-19.1693792779686
paclitaxel,Sorafenib,A2058,-6.72144892291601
paclitaxel,Sorafenib,A2780,2.409764321136161
paclitaxel,Sorafenib,A375,6.07843040491799
paclitaxel,Sorafenib,A427,1.926107182225645
paclitaxel,Sorafenib,CAOV3,-1.5178355576616795
paclitaxel,Sorafenib,HCT116,-1.4872271509121793
paclitaxel,Sorafenib,HT144,4.4516036428765
paclitaxel,Sorafenib,HT29,-2.19578977406709
paclitaxel,Sorafenib,LOVO,-6.79658968512302
paclitaxel,Sorafenib,MDAMB436,-5.45440876641342
paclitaxel,Sorafenib,NCI-H460,3.1327986373042376
paclitaxel,Sorafenib,NCIH1650,-5.00028834575103
paclitaxel,Sorafenib,NCIH2122,-7.283890318199592
paclitaxel,Sorafenib,NCIH23,-2.6184282494780104
paclitaxel,Sorafenib,NCIH520,0.8838679103249854
paclitaxel,Sorafenib,OCUBM,2.806732553915905
paclitaxel,Sorafenib,OV90,7.37064384347005
paclitaxel,Sorafenib,OVCAR3,-12.53254789251529
paclitaxel,Sorafenib,PA1,-2.111656589218961
paclitaxel,Sorafenib,RKO,-1.0680791130593923
paclitaxel,Sorafenib,RPMI7951,-6.18357684414468
paclitaxel,Sorafenib,SK-OV-3,2.71808902854303
paclitaxel,Sorafenib,SKMEL30,3.24770439300306
paclitaxel,Sorafenib,SKMES1,-0.1639564470097907
paclitaxel,Sorafenib,SW-620,1.9007667723773176
paclitaxel,Sorafenib,SW837,-5.800670766453999
paclitaxel,Sorafenib,T-47D,3.88810032819938
paclitaxel,Sorafenib,UACC62,-0.89184437235696
paclitaxel,Sorafenib,UWB1289,-0.7455370396145937
paclitaxel,Sorafenib,VCAP,-1.6610011043127195
paclitaxel,Sunitinib,A2058,0.7445982178878973
paclitaxel,Sunitinib,A2780,3.0897024917955025
paclitaxel,Sunitinib,A375,8.149714042401495
paclitaxel,Sunitinib,A427,4.187869588752649
paclitaxel,Sunitinib,CAOV3,2.9737175212081803
paclitaxel,Sunitinib,HCT116,5.960801203295765
paclitaxel,Sunitinib,HT144,-2.5590885431480426
paclitaxel,Sunitinib,HT29,3.1416241584890576
paclitaxel,Sunitinib,LOVO,2.11024229353816
paclitaxel,Sunitinib,MDAMB436,-0.6920482116816997
paclitaxel,Sunitinib,NCI-H460,9.58062385928767
paclitaxel,Sunitinib,NCIH1650,-3.73521146317182
paclitaxel,Sunitinib,NCIH2122,-17.0314498829154
paclitaxel,Sunitinib,NCIH23,-2.941164138388841
paclitaxel,Sunitinib,NCIH520,3.3696784995100426
paclitaxel,Sunitinib,OCUBM,-11.7962452523223
paclitaxel,Sunitinib,OV90,-5.77436797253085
paclitaxel,Sunitinib,OVCAR3,-16.967828162594074
paclitaxel,Sunitinib,PA1,0.6962467393230812
paclitaxel,Sunitinib,RKO,-2.35314836228574
paclitaxel,Sunitinib,RPMI7951,-22.8644313188967
paclitaxel,Sunitinib,SK-OV-3,7.36579899286375
paclitaxel,Sunitinib,SKMEL30,-0.2642143205483515
paclitaxel,Sunitinib,SKMES1,0.555665600488549
paclitaxel,Sunitinib,SW-620,6.753311816554961
paclitaxel,Sunitinib,SW837,-1.73607437190069
paclitaxel,Sunitinib,T-47D,-24.3954295810688
paclitaxel,Sunitinib,UACC62,0.0804428699766095
paclitaxel,Sunitinib,UWB1289,-2.095241650043551
paclitaxel,Sunitinib,VCAP,-8.46093254820262
paclitaxel,Vorinostat,A2058,-7.071587649042333
paclitaxel,Vorinostat,A2780,2.046344769010002
paclitaxel,Vorinostat,A375,-1.9802660997523944
paclitaxel,Vorinostat,A427,-5.25293160621848
paclitaxel,Vorinostat,CAOV3,-13.861300672159
paclitaxel,Vorinostat,HCT116,-1.593720937577549
paclitaxel,Vorinostat,HT144,5.05355462238675
paclitaxel,Vorinostat,HT29,4.768047800449637
paclitaxel,Vorinostat,LOVO,2.1560784090827942
paclitaxel,Vorinostat,MDAMB436,2.28163515100639
paclitaxel,Vorinostat,NCI-H460,-1.4295761119406232
paclitaxel,Vorinostat,NCIH1650,0.3224388648416145
paclitaxel,Vorinostat,NCIH2122,-1.1617148968623687
paclitaxel,Vorinostat,NCIH23,-3.0345245902191325
paclitaxel,Vorinostat,NCIH520,3.600655729290548
paclitaxel,Vorinostat,OCUBM,5.50221601830175
paclitaxel,Vorinostat,OV90,2.3067635611900137
paclitaxel,Vorinostat,OVCAR3,3.1988276731025875
paclitaxel,Vorinostat,PA1,-0.4402086584014632
paclitaxel,Vorinostat,RKO,3.987299411465438
paclitaxel,Vorinostat,RPMI7951,2.6678241356197647
paclitaxel,Vorinostat,SK-OV-3,5.978124919049687
paclitaxel,Vorinostat,SKMEL30,-0.1058882282985149
paclitaxel,Vorinostat,SKMES1,-1.7943154401891548
paclitaxel,Vorinostat,SW-620,-1.0659561461183158
paclitaxel,Vorinostat,SW837,4.071661498679735
paclitaxel,Vorinostat,T-47D,7.692941411907634
paclitaxel,Vorinostat,UACC62,0.7651079053562314
paclitaxel,Vorinostat,UWB1289,-0.897066728281827
paclitaxel,Vorinostat,VCAP,3.27100049685324
paclitaxel,geldanamycin,A2058,-1.6307504375632549
paclitaxel,geldanamycin,A2780,-1.19024715514191
paclitaxel,geldanamycin,A375,-1.32131943338233
paclitaxel,geldanamycin,A427,-2.643556292002
paclitaxel,geldanamycin,CAOV3,-0.7280966227290082
paclitaxel,geldanamycin,HCT116,-2.33292598982445
paclitaxel,geldanamycin,HT144,3.7347243087796
paclitaxel,geldanamycin,HT29,-2.924593214648255
paclitaxel,geldanamycin,LOVO,-1.77750068778882
paclitaxel,geldanamycin,MDAMB436,3.42848617073407
paclitaxel,geldanamycin,NCI-H460,-2.698758931910008
paclitaxel,geldanamycin,NCIH1650,2.713132201978397
paclitaxel,geldanamycin,NCIH2122,-81.52648016021857
paclitaxel,geldanamycin,NCIH23,-2.1789667599796294
paclitaxel,geldanamycin,NCIH520,-7.642910278690365
paclitaxel,geldanamycin,OCUBM,4.480465220149085
paclitaxel,geldanamycin,OV90,4.219145585451182
paclitaxel,geldanamycin,OVCAR3,-11.341527235964405
paclitaxel,geldanamycin,PA1,0.5045482395984724
paclitaxel,geldanamycin,RKO,4.743603615290096
paclitaxel,geldanamycin,RPMI7951,0.369316059642221
paclitaxel,geldanamycin,SK-OV-3,2.3166834950764685
paclitaxel,geldanamycin,SKMEL30,-2.390619984667185
paclitaxel,geldanamycin,SKMES1,2.858782897786812
paclitaxel,geldanamycin,SW-620,2.6303171850506604
paclitaxel,geldanamycin,SW837,-1.7174251595272625
paclitaxel,geldanamycin,T-47D,-17.6830733389949
paclitaxel,geldanamycin,UACC62,-0.1160299782726794
paclitaxel,geldanamycin,UWB1289,0.2729453578388601
paclitaxel,geldanamycin,VCAP,-6.897600670415837
vinblastine,Dasatinib,A2058,-8.677497573270493
vinblastine,Dasatinib,A2780,-11.183106529127476
vinblastine,Dasatinib,A375,-1.876637029070265
vinblastine,Dasatinib,A427,0.4664503305112299
vinblastine,Dasatinib,CAOV3,0.6771989561182002
vinblastine,Dasatinib,HCT116,-76.9668504799361
vinblastine,Dasatinib,HT144,-39.7169735486916
vinblastine,Dasatinib,HT29,-6.9648772325347394
vinblastine,Dasatinib,LOVO,3.7092867134231
vinblastine,Dasatinib,MDAMB436,2.81101468536903
vinblastine,Dasatinib,NCI-H460,-29.2662792150344
vinblastine,Dasatinib,NCIH1650,3.42669038506664
vinblastine,Dasatinib,NCIH2122,-91.8886792382854
vinblastine,Dasatinib,NCIH23,-0.3530077955256401
vinblastine,Dasatinib,NCIH520,-7.042636248773623
vinblastine,Dasatinib,OCUBM,0.60779733849738
vinblastine,Dasatinib,OV90,5.344594984386832
vinblastine,Dasatinib,OVCAR3,-4.03806373695381
vinblastine,Dasatinib,PA1,-0.1091636509260827
vinblastine,Dasatinib,RKO,-5.316952415477393
vinblastine,Dasatinib,RPMI7951,2.97844031586002
vinblastine,Dasatinib,SK-OV-3,3.29681579894721
vinblastine,Dasatinib,SKMEL30,-58.5527340809363
vinblastine,Dasatinib,SKMES1,-5.822632503482525
vinblastine,Dasatinib,SW-620,-40.7258600860177
vinblastine,Dasatinib,SW837,5.29419053806362
vinblastine,Dasatinib,T-47D,-6.929951553081727
vinblastine,Dasatinib,UACC62,-1.4680391508473674
vinblastine,Dasatinib,UWB1289,4.05485944970297
vinblastine,Dasatinib,VCAP,1.6646916021852596
vinblastine,Erlotinib,A2058,6.4251548431743295
vinblastine,Erlotinib,A2780,6.00089213826483
vinblastine,Erlotinib,A375,7.909526276907584
vinblastine,Erlotinib,A427,0.5117341060036625
vinblastine,Erlotinib,CAOV3,8.204494762209066
vinblastine,Erlotinib,HCT116,9.090654061652296
vinblastine,Erlotinib,HT144,7.380729755239978
vinblastine,Erlotinib,HT29,1.674966057420845
vinblastine,Erlotinib,LOVO,5.16750826555368
vinblastine,Erlotinib,MDAMB436,5.07108724357905
vinblastine,Erlotinib,NCI-H460,10.41580460128629
vinblastine,Erlotinib,NCIH1650,4.00031385473591
vinblastine,Erlotinib,NCIH2122,7.66334596528203
vinblastine,Erlotinib,NCIH23,3.7606671418030695
vinblastine,Erlotinib,NCIH520,0.2877587512502297
vinblastine,Erlotinib,OCUBM,18.2642273209106
vinblastine,Erlotinib,OV90,8.922207576391518
vinblastine,Erlotinib,OVCAR3,4.93167956005568
vinblastine,Erlotinib,PA1,-4.0681667574955
vinblastine,Erlotinib,RKO,6.987950206462267
vinblastine,Erlotinib,RPMI7951,7.196532980977684
vinblastine,Erlotinib,SK-OV-3,8.077984978184695
vinblastine,Erlotinib,SKMEL30,7.73570234615748
vinblastine,Erlotinib,SKMES1,1.8601156760560384
vinblastine,Erlotinib,SW-620,-5.472376660417956
vinblastine,Erlotinib,SW837,11.9978624338519
vinblastine,Erlotinib,T-47D,2.264898495983479
vinblastine,Erlotinib,UACC62,7.285509446842615
vinblastine,Erlotinib,UWB1289,7.33919324558513
vinblastine,Erlotinib,VCAP,16.694612728237402
vinblastine,Lapatinib,A2058,-10.901275449743116
vinblastine,Lapatinib,A2780,-11.299328727708405
vinblastine,Lapatinib,A375,-23.3725501337939
vinblastine,Lapatinib,A427,-9.722403045722997
vinblastine,Lapatinib,CAOV3,4.71112087372323
vinblastine,Lapatinib,HCT116,-25.781275563237
vinblastine,Lapatinib,HT144,1.3155747227446202
vinblastine,Lapatinib,HT29,-5.83438093189622
vinblastine,Lapatinib,LOVO,-1.768261666543676
vinblastine,Lapatinib,MDAMB436,-7.87226820943855
vinblastine,Lapatinib,NCI-H460,-2.491707941339629
vinblastine,Lapatinib,NCIH1650,-9.72499716390718
vinblastine,Lapatinib,NCIH2122,-2.1691769605730515
vinblastine,Lapatinib,NCIH23,-9.09730633851708
vinblastine,Lapatinib,NCIH520,-11.996919710325
vinblastine,Lapatinib,OCUBM,4.27399441028646
vinblastine,Lapatinib,OV90,0.8267526169764301
vinblastine,Lapatinib,OVCAR3,-11.607028837624
vinblastine,Lapatinib,PA1,0.1652887870268324
vinblastine,Lapatinib,RKO,-7.06329362397977
vinblastine,Lapatinib,RPMI7951,-2.93911844531118
vinblastine,Lapatinib,SK-OV-3,3.37898618824583
vinblastine,Lapatinib,SKMEL30,-17.4030551064212
vinblastine,Lapatinib,SKMES1,-2.85382252753121
vinblastine,Lapatinib,SW-620,-73.5286754265322
vinblastine,Lapatinib,SW837,8.70853787657841
vinblastine,Lapatinib,T-47D,-1.2497809936708242
vinblastine,Lapatinib,UACC62,-0.4381862293696001
vinblastine,Lapatinib,UWB1289,0.2044267191685782
vinblastine,Lapatinib,VCAP,2.334382802629
vinblastine,Sorafenib,A2058,7.570838092245207
vinblastine,Sorafenib,A2780,4.338369925074482
vinblastine,Sorafenib,A375,8.398744223780918
vinblastine,Sorafenib,A427,4.841793570156368
vinblastine,Sorafenib,CAOV3,1.907333647224608
vinblastine,Sorafenib,HCT116,5.59963570142504
vinblastine,Sorafenib,HT144,9.859104788483815
vinblastine,Sorafenib,HT29,-2.0240269290899
vinblastine,Sorafenib,LOVO,-1.6005087696864486
vinblastine,Sorafenib,MDAMB436,-16.517773128145326
vinblastine,Sorafenib,NCI-H460,4.069163600073605
vinblastine,Sorafenib,NCIH1650,-13.546032832554804
vinblastine,Sorafenib,NCIH2122,2.0008593011464906
vinblastine,Sorafenib,NCIH23,-0.29408409265346
vinblastine,Sorafenib,NCIH520,2.603164662477901
vinblastine,Sorafenib,OCUBM,10.088450856398616
vinblastine,Sorafenib,OV90,0.4685622181175212
vinblastine,Sorafenib,OVCAR3,-3.930469946192945
vinblastine,Sorafenib,PA1,-1.338045882914232
vinblastine,Sorafenib,RKO,10.11870938841209
vinblastine,Sorafenib,RPMI7951,-2.4097304318056905
vinblastine,Sorafenib,SK-OV-3,12.5056328567953
vinblastine,Sorafenib,SKMEL30,5.99108205682079
vinblastine,Sorafenib,SKMES1,4.417989059347175
vinblastine,Sorafenib,SW-620,5.006519903780723
vinblastine,Sorafenib,SW837,3.0307168501552093
vinblastine,Sorafenib,T-47D,-4.172986764275874
vinblastine,Sorafenib,UACC62,5.265272900492549
vinblastine,Sorafenib,UWB1289,5.034618319433818
vinblastine,Sorafenib,VCAP,1.2287673509824204
vinblastine,Sunitinib,A2058,2.63157412115867
vinblastine,Sunitinib,A2780,6.430237727930085
vinblastine,Sunitinib,A375,0.3189015990893598
vinblastine,Sunitinib,A427,5.81602235619721
vinblastine,Sunitinib,CAOV3,3.22816419080692
vinblastine,Sunitinib,HCT116,0.1118559290339978
vinblastine,Sunitinib,HT144,4.69437535963172
vinblastine,Sunitinib,HT29,-2.591242863373206
vinblastine,Sunitinib,LOVO,1.675381804264854
vinblastine,Sunitinib,MDAMB436,-1.5403494549472296
vinblastine,Sunitinib,NCI-H460,2.44728958086436
vinblastine,Sunitinib,NCIH1650,-2.0585753436264698
vinblastine,Sunitinib,NCIH2122,-2.552277046947741
vinblastine,Sunitinib,NCIH23,-5.97248436581227
vinblastine,Sunitinib,NCIH520,1.203208947199059
vinblastine,Sunitinib,OCUBM,0.8069046214032297
vinblastine,Sunitinib,OV90,-82.13826531723697
vinblastine,Sunitinib,OVCAR3,-12.414939844598162
vinblastine,Sunitinib,PA1,0.3302260274555297
vinblastine,Sunitinib,RKO,-1.378759213278819
vinblastine,Sunitinib,RPMI7951,-14.277645616907492
vinblastine,Sunitinib,SK-OV-3,3.62056380925444
vinblastine,Sunitinib,SKMEL30,-3.119647295186995
vinblastine,Sunitinib,SKMES1,-6.61979034735207
vinblastine,Sunitinib,SW-620,1.675245639565673
vinblastine,Sunitinib,SW837,-2.66483863280114
vinblastine,Sunitinib,T-47D,-70.8116033690518
vinblastine,Sunitinib,UACC62,2.595279020812243
vinblastine,Sunitinib,UWB1289,0.8319171014720902
vinblastine,Sunitinib,VCAP,-1.1091988250418725
vinblastine,Vorinostat,A2058,-7.726553411266567
vinblastine,Vorinostat,A2780,2.776867734737273
vinblastine,Vorinostat,A375,-5.14141487663266
vinblastine,Vorinostat,A427,-8.36198121766124
vinblastine,Vorinostat,CAOV3,-10.285920522724917
vinblastine,Vorinostat,HCT116,-4.96580172718434
vinblastine,Vorinostat,HT144,1.7336328627834918
vinblastine,Vorinostat,HT29,-2.698100773809443
vinblastine,Vorinostat,LOVO,-2.43808381047612
vinblastine,Vorinostat,MDAMB436,0.1461877509898399
vinblastine,Vorinostat,NCI-H460,-7.42349600405968
vinblastine,Vorinostat,NCIH1650,-4.662511414401839
vinblastine,Vorinostat,NCIH2122,2.35160533891099
vinblastine,Vorinostat,NCIH23,-5.830142578087577
vinblastine,Vorinostat,NCIH520,-3.15887949932979
vinblastine,Vorinostat,OCUBM,-6.00025755794808
vinblastine,Vorinostat,OV90,-2.149900469098629
vinblastine,Vorinostat,OVCAR3,-1.289264920121349
vinblastine,Vorinostat,PA1,-3.0836644409391925
vinblastine,Vorinostat,RKO,-0.0918051514147744
vinblastine,Vorinostat,RPMI7951,2.26767773086615
vinblastine,Vorinostat,SK-OV-3,5.053393098685065
vinblastine,Vorinostat,SKMEL30,-13.8157551615103
vinblastine,Vorinostat,SKMES1,-3.773219093074008
vinblastine,Vorinostat,SW-620,-7.940842049461227
vinblastine,Vorinostat,SW837,-2.248378586620203
vinblastine,Vorinostat,T-47D,6.097122298913325
vinblastine,Vorinostat,UACC62,0.996650643215182
vinblastine,Vorinostat,UWB1289,-0.0075038478591599
vinblastine,Vorinostat,VCAP,-0.1898191226144924
vinblastine,geldanamycin,A2058,-0.5413656534735456
vinblastine,geldanamycin,A2780,1.418014053180695
vinblastine,geldanamycin,A375,3.010752586641185
vinblastine,geldanamycin,A427,-5.331847529263395
vinblastine,geldanamycin,CAOV3,0.0285872237409883
vinblastine,geldanamycin,HCT116,-6.13466459150186
vinblastine,geldanamycin,HT144,-1.4230966237807086
vinblastine,geldanamycin,HT29,-6.46133524603972
vinblastine,geldanamycin,LOVO,-9.742168339465294
vinblastine,geldanamycin,MDAMB436,0.51700222845629
vinblastine,geldanamycin,NCI-H460,-4.763634360062484
vinblastine,geldanamycin,NCIH1650,-3.43040335892423
vinblastine,geldanamycin,NCIH2122,-7.19378137939456
vinblastine,geldanamycin,NCIH23,-4.65691689928222
vinblastine,geldanamycin,NCIH520,-9.341800010912078
vinblastine,geldanamycin,OCUBM,-16.8483709423333
vinblastine,geldanamycin,OV90,-3.4922781726655696
vinblastine,geldanamycin,OVCAR3,-11.8973420493851
vinblastine,geldanamycin,PA1,-12.41068356063
vinblastine,geldanamycin,RKO,-2.202886656443709
vinblastine,geldanamycin,RPMI7951,0.4076170529080399
vinblastine,geldanamycin,SK-OV-3,1.775572054007981
vinblastine,geldanamycin,SKMEL30,-13.5091075877696
vinblastine,geldanamycin,SKMES1,-1.3811964732242277
vinblastine,geldanamycin,SW-620,-5.5186956836840375
vinblastine,geldanamycin,SW837,-0.2823200449385875
vinblastine,geldanamycin,T-47D,-39.4932668903457
vinblastine,geldanamycin,UACC62,-14.564555056626377
vinblastine,geldanamycin,UWB1289,1.8368511005450223
vinblastine,geldanamycin,VCAP,-20.7558388881914
